{"call_timestamps": {"tier1": [1761185710.1872783, 1761185764.3897831], "tier2": [1761185563.4845278], "tier3": []}, "daily_counts": {"tier1": 5, "tier2": 1, "tier3": 0}, "last_reset_day": 22}