{"call_timestamps": {"tier1": [1762318603.8085022, 1762318617.3646827], "tier2": [1762318615.0003843], "tier3": []}, "daily_counts": {"tier1": 7, "tier2": 41, "tier3": 0}, "last_reset_day": 4}