{"call_timestamps": {"tier1": [1763245804.891994, 1763245843.4740083], "tier2": [1763245803.1373334, 1763245842.1796002], "tier3": []}, "daily_counts": {"tier1": 20, "tier2": 26, "tier3": 0}, "last_reset_day": "2025-11-15"}